שם משפחה,שם פרטי,צוות,06/10,07/10,08/10,09/10,10/10,11/10,12/10,13/10,14/10,15/10,16/10,17/10,18/10,19/10,20/10,21/10,22/10,23/10,24/10,25/10,26/10,27/10,28/10,29/10,30/10,31/10,01/11,02/11,03/11
אברהם,טל,1,בית,בית,בית,בסיס,בסיס,בית,בית,בית,בסיס,בסיס,בסיס,בסיס,בסיס,בסיס,בסיס,בסיס,בית,בית,בית,בית,בסיס,בסיס,בסיס,בסיס,בית,בית,בית,בסיס,בסיס
אחיה,קלזון,1,בית,בסיס,בסיס,בסיס,בסיס,בסיס,בסיס,בסיס,בסיס,בית,בית,בית,בית,בית,בית,בית,בית,בסיס,בסיס,בסיס,בסיס,בסיס,בסיס,בית,בית,בית,בית,בסיס,בסיס
אליה,נזרי,1,בסיס,בסיס,בסיס,בסיס,בסיס,בסיס,בסיס,בית,בית,בית,בית,בית,בית,בסיס,בית,בסיס,בסיס,בסיס,בסיס,בסיס,בסיס,בסיס,בסיס,בית,בית,בית,בסיס,בית,בסיס
אריה,אסולין,1,בית,בית,בית,בסיס,בסיס,בסיס,בסיס,בסיס,בסיס,בסיס,בית,בית,בית,בית,בסיס,בסיס,בסיס,בסיס,בסיס,בסיס,בית,בית,בית,בית,בית,בית,בסיס,בסיס,בסיס
בניה,חיון,1,בסיס,בסיס,סגירת שמ״פ,,,,,,,,,,,,,,,,,,,,,,,,,,
בר,כהן,1,בסיס,בית,בית,בית,בית,בסיס,בסיס,בסיס,בית,בית,בסיס,בסיס,בסיס,בסיס,בסיס,בסיס,בסיס,בית,בית,בית,בסיס,בסיס,בסיס,בסיס,בסיס,בסיס,בית,בית,בית
גיל,רפופורט,1,בסיס,בסיס,בסיס,בסיס,בסיס,בית,בית,בסיס,בסיס,בסיס,בסיס,בסיס,בית,בית,בית,בסיס,בסיס,בית,בית,בסיס,בסיס,בסיס,בסיס,בית,בית,בית,בסיס,בסיס,בסיס
דולב,שמואלי,1,בסיס,בסיס,בית,בית,בית,בית,בית,בסיס,בסיס,בסיס,בסיס,בסיס,בסיס,בסיס,בסיס,בית,בית,בית,בית,בית,בית,בית,בית,בסיס,בסיס,בסיס,בסיס,בסיס,בסיס
דור,פוגל,1,בית,בסיס,בסיס,בית,בית,בית,בסיס,בסיס,בסיס,בסיס,בסיס,בסיס,בית,בית,בסיס,בסיס,בית,בית,בית,בסיס,בסיס,בסיס,בית,בית,בסיס,בסיס,בסיס,בית,בית
דניאל,פוזן,1,בית,בית,בסיס,בסיס,בסיס,בסיס,בסיס,בסיס,בסיס,בית,בית,בית,בסיס,בסיס,בסיס,בסיס,בסיס,בית,בית,בית,בית,בסיס,בסיס,בסיס,בסיס,בסיס,בית,בית,בסיס
יהודה,שלום,1,בית,בית,בסיס,בסיס,בסיס,בסיס,בסיס,בסיס,בסיס,בסיס,בית,בית,בית,בית,בית,בסיס,בסיס,בסיס,בסיס,בית,בית,בית,בסיס,בסיס,בסיס,בסיס,בית,בית,בית
יהודה עמרם,סיגאווי,1,בסיס,בסיס,בסיס,בסיס,בסיס,בסיס,בסיס,בסיס,בסיס,בית,בית,בית,בית,בית,בית,בית,בסיס,בסיס,בסיס,בסיס,בסיס,בסיס,בסיס,בית,בית,בית,בית,בית,בסיס
יוסי,מלול,1,בסיס,בסיס,בסיס,בסיס,בסיס,בסיס,בסיס,בסיס,בית,בית,בית,בית,בית,בית,בסיס,בסיס,בסיס,בסיס,בסיס,בית,בית,בסיס,בסיס,בית,בית,בית,בית,בסיס,בסיס
כפיר,כהן,1,בסיס,בסיס,בסיס,בסיס,בסיס,בסיס,בסיס,בסיס,בית,בית,בית,בית,בסיס,בסיס,בסיס,בית,בית,בית,בית,בית,בית,בסיס,בסיס,בסיס,בסיס,בסיס,בית,בית,בסיס
ליאו,ברוקס,1,בסיס,בסיס,בסיס,בסיס,בסיס,בית,בית,בית,בית,בית,בית,בית,בית,בית,בסיס,בסיס,בסיס,בסיס,בסיס,בית,בסיס,בסיס,בסיס,בסיס,בית,בית,בסיס,בסיס,בסיס
מקסים,דוינטס,1,בית,בסיס,בסיס,בסיס,בסיס,בסיס,בסיס,בית,בית,בית,בית,בית,בסיס,בסיס,בסיס,בסיס,בסיס,בסיס,בסיס,בית,בית,בית,בסיס,בסיס,בית,בית,בסיס,בית,בסיס
מתן,גורביץ,1,בסיס,בית,בית,בית,בית,בית,בסיס,בסיס,בסיס,בסיס,בסיס,בסיס,בסיס,בסיס,בסיס,בית,בית,בית,בית,בסיס,בסיס,בסיס,בסיס,בסיס,בסיס,בסיס,בית,בית,בית
מתן,קרסנר,1,בסיס,בסיס,בסיס,בסיס,בסיס,בסיס,בסיס,בסיס,בסיס,בית,בית,בית,בית,בית,בית,בסיס,בסיס,בסיס,בסיס,בית,בית,בית,בסיס,בסיס,בסיס,בסיס,בית,בית,בית
נדב יצחק,עדן,1,בסיס,בית,בית,בית,בית,בית,בית,בסיס,בסיס,בסיס,בסיס,בסיס,בסיס,בית,בית,בית,בסיס,בסיס,בסיס,בסיס,בסיס,בסיס,בסיס,בסיס,בסיס,בסיס,בית,בית,בית
ניב,שמעוני,1,בית,בית,בסיס,בסיס,בסיס,בסיס,בית,בית,בית,בסיס,בסיס,בסיס,בסיס,בסיס,בית,בית,בית,בסיס,בסיס,בסיס,בסיס,בסיס,בסיס,בסיס,בית,בית,בית,בית,בית
עדן,בסון,1,בית,בית,בית,בית,בית,בית,בית,בית,בית,בית,בית,בית,בית,בסיס,בסיס,בסיס,בסיס,בסיס,בסיס,בסיס,בסיס,בסיס,בסיס,בסיס,בסיס,בסיס,בסיס,בסיס,בסיס
עידו,אברהמי,1,בית,בית,בית,בסיס,בסיס,בסיס,בסיס,בסיס,בית,בית,בסיס,בסיס,בסיס,בסיס,בית,בית,בית,בית,בית,בית,בית,בית,בית,בית,בסיס,בסיס,בסיס,בסיס,בסיס
עידן,ספורטה,1,בית,בסיס,בסיס,בסיס,בסיס,בסיס,בסיס,בסיס,בית,בית,בית,בית,בית,בית,בסיס,בסיס,בסיס,בסיס,בסיס,בסיס,בסיס,בסיס,בסיס,בית,בית,בית,בית,בית,בית
רז,קימל,1,בסיס,בסיס,בית,בית,בית,בסיס,בסיס,בסיס,בסיס,בית,בסיס,בסיס,בסיס,בסיס,בסיס,בסיס,בית,בית,בית,בית,בסיס,בסיס,בית,בית,בסיס,בסיס,בסיס,בית,בית
שמעון,טגה,1,בית,בית,בסיס,בסיס,בסיס,בסיס,בסיס,בסיס,בסיס,בית,בית,בית,בסיס,בסיס,בית,בית,בית,בסיס,בסיס,בסיס,בסיס,בסיס,בית,בית,בית,בית,בית,בסיס,בסיס
אורי,גדות,2,בסיס,בסיס,בסיס,בית,בית,בית,בית,בסיס,בסיס,בסיס,בסיס,בסיס,בסיס,בסיס,בית,בית,בית,בית,בית,בסיס,בסיס,בסיס,בסיס,בסיס,בסיס,בסיס,בית,בית,בית
אורי,טלמור,2,בית,בית,בית,בסיס,בסיס,בית,בית,בית,בית,בית,בסיס,בסיס,בסיס,בסיס,בסיס,בסיס,בסיס,בסיס,בסיס,בית,בית,בית,בית,בית,בסיס,בסיס,בסיס,בסיס,בסיס
איתן יעקב,וויסרוז,2,בית,בית,בית,בסיס,בסיס,בסיס,בסיס,בית,בסיס,בסיס,בית,בית,בית,בסיס,בסיס,בסיס,בית,בסיס,בסיס,בסיס,בית,בסיס,בסיס,בית,בית,בית,בסיס,בית,בסיס
בארי,שורצגורן,2,בית,בסיס,בסיס,בית,בית,בית,בית,בית,בית,בסיס,בסיס,בסיס,בסיס,בסיס,בסיס,בסיס,בסיס,בית,בית,בית,בית,בית,בית,בסיס,בסיס,בסיס,בסיס,בסיס,בסיס
בן דוד,אמיר,2,בסיס,בסיס,בסיס,בית,בית,בית,בית,בסיס,בסיס,בסיס,בסיס,בסיס,בית,בית,בסיס,בסיס,בסיס,בית,בית,בית,בית,בסיס,בסיס,בסיס,בסיס,בסיס,בית,בית,בית
בנימין,אברמסון,2,בסיס,בית,בית,בסיס,בסיס,בסיס,בסיס,בית,בית,בית,בית,בית,בסיס,בסיס,בסיס,בסיס,בסיס,בסיס,בסיס,בסיס,בסיס,בסיס,בית,בית,בית,בית,בית,בסיס,בסיס
בר ניב,רז,2,,בית,בית,בסיס,בסיס,בסיס,בסיס,בסיס,בסיס,בסיס,בית,בית,בית,בית,בית,בסיס,בסיס,בסיס,בסיס,בסיס,בסיס,בסיס,בסיס,בסיס,בית,בית,בית,בית,בית
ברורסקי דלר,איסויב,2,בסיס,בית,בית,בית,בית,בית,בית,בסיס,בסיס,בסיס,בסיס,בסיס,בית,בית,בית,בית,בסיס,בסיס,בסיס,בסיס,בסיס,בסיס,בסיס,בסיס,בסיס,בסיס,בסיס,בית,בית
גלעד נחמיה,אודים,2,בית,בסיס,בסיס,בסיס,בסיס,בסיס,בסיס,בית,בית,בית,בית,בית,בית,בסיס,בסיס,בסיס,בסיס,בסיס,בסיס,בסיס,בסיס,בית,בית,בית,בית,בית,בית,בסיס,בסיס
דוד,תשובה,2,בסיס,בסיס,בסיס,בסיס,בסיס,בסיס,בסיס,בית,בית,בית,בית,בית,בסיס,בסיס,בית,בית,בסיס,בסיס,בסיס,בסיס,בסיס,בית,בית,בית,בית,בית,בסיס,בסיס,בסיס
הראל,אמשיקה,2,בסיס,בית,בית,בית,בית,בית,בסיס,בסיס,בסיס,בסיס,בסיס,בסיס,בסיס,בסיס,בסיס,בית,בית,בסיס,בסיס,בסיס,בסיס,בית,בית,בית,בית,בית,בסיס,בסיס,בסיס
הראל,לאויאן,2,בסיס,בסיס,בסיס,בסיס,בסיס,בית,בית,בית,בית,בית,בית,בית,בסיס,בית,בסיס,בסיס,בסיס,בסיס,בסיס,בסיס,בית,בית,בית,בסיס,בסיס,בסיס,בסיס,בסיס,בית
זאב,טייטלמן,2,בסיס,בסיס,בסיס,בסיס,בסיס,בסיס,בית,בית,בית,בסיס,בסיס,בסיס,בסיס,בית,בית,בית,בסיס,בסיס,בסיס,בית,בית,בית,בית,בסיס,בסיס,בסיס,בסיס,בית,בית
יאיר,קלי,2,בסיס,בסיס,בסיס,בסיס,בסיס,בסיס,בסיס,בית,בית,בית,בית,בית,בסיס,בסיס,בית,בסיס,בסיס,בסיס,בסיס,בסיס,בסיס,בית,בית,בית,בית,בית,בית,בסיס,בסיס
יעקב,בוק,2,בסיס,בסיס,בית,בית,בית,בסיס,בסיס,בית,בית,בסיס,בסיס,בסיס,בסיס,בסיס,בסיס,בסיס,בית,בית,בית,בית,בית,בסיס,בסיס,בסיס,בית,בית,בית,בסיס,בסיס
יצחק,ספיהו,2,בסיס,בית,בית,בית,בית,בית,בית,בית,בסיס,בסיס,בסיס,בסיס,בית,בית,בית,בסיס,בסיס,בית,בית,בסיס,בסיס,בסיס,בסיס,בסיס,בסיס,בסיס,בסיס,בסיס,בסיס
יששכר,בנאיש,2,בסיס,בסיס,בסיס,בית,בית,בית,בית,בסיס,בסיס,בסיס,בסיס,בסיס,בסיס,בית,בית,בית,בית,בית,בית,בסיס,בסיס,בסיס,בסיס,בסיס,בסיס,בסיס,בסיס,בית,בית
לידור,ועקנין,2,בסיס,בית,בית,בית,בית,בסיס,בסיס,בסיס,בית,בית,בסיס,בסיס,בסיס,בסיס,בסיס,בית,בית,בית,בית,בסיס,בסיס,בסיס,בית,בית,בסיס,בסיס,בסיס,בסיס,בסיס
נריה,לדרמן,2,בסיס,בסיס,בסיס,בסיס,בסיס,בסיס,בסיס,בסיס,בסיס,בית,בית,בית,בית,בית,בית,בסיס,בסיס,בסיס,בסיס,בסיס,בסיס,בסיס,בית,בית,בית,בית,בית,בית,בסיס
עומר,אהרונוביץ,2,בסיס,בסיס,בסיס,בסיס,בסיס,בסיס,בית,בית,בית,בית,בית,בית,בסיס,בסיס,בסיס,בית,בית,בסיס,בסיס,בסיס,בסיס,בסיס,בית,בית,בית,בית,בסיס,בסיס,בסיס
עימנואל,אורקו,2,בית,בית,בית,בית,בית,בית,בית,בסיס,בסיס,בסיס,בסיס,בסיס,בסיס,בסיס,בסיס,בסיס,בית,בית,בית,בית,בסיס,בסיס,בסיס,בסיס,בסיס,בסיס,בסיס,בית,בית
פוקס,מתניה,2,בית,בית,בית,בית,בית,בית,בסיס,בסיס,בסיס,בסיס,בסיס,בסיס,בסיס,בסיס,בית,בית,בית,בית,בית,בית,בסיס,בסיס,בסיס,בסיס,בסיס,בסיס,בסיס,בית,בית
צואלקר,אושר,2,בסיס,בית,בית,בסיס,בסיס,בסיס,בסיס,בית,בית,בית,בית,בית,בית,בסיס,בסיס,בית,בית,בסיס,בסיס,בסיס,בסיס,בסיס,בסיס,בית,בית,בית,בית,בסיס,בסיס
קולסיון,כפיר,2,בית,בית,בית,בית,בית,בית,בית,בסיס,בסיס,בסיס,בסיס,בסיס,בסיס,בסיס,בסיס,בית,בית,בית,בית,בית,בסיס,בסיס,בסיס,בסיס,בסיס,בסיס,בסיס,בסיס,בית
קטורזה,אורון,2,בסיס,בסיס,בסיס,בסיס,בסיס,בית,בית,בסיס,בסיס,בסיס,בית,בית,בית,בסיס,בסיס,בסיס,בית,בית,בית,בית,בית,בסיס,בסיס,בסיס,בסיס,בסיס,בסיס,בסיס,בסיס
רועי,קריה,2,בסיס,בסיס,בסיס,בסיס,בסיס,בסיס,בסיס,בסיס,בית,בית,בית,בית,בסיס,בסיס,בית,בסיס,בסיס,בסיס,בסיס,בסיס,בית,בית,בית,בית,בית,בית,בסיס,בסיס,בית
רועי,רון,2,בית,בית,בית,בסיס,בסיס,בסיס,בסיס,בסיס,בסיס,בסיס,בית,בית,בית,בית,בסיס,בסיס,בסיס,בסיס,בסיס,בסיס,בסיס,בסיס,בית,בית,בית,בית,בית,בית,בסיס
אלון,מאמה,3,בסיס,בסיס,בסיס,בסיס,בסיס,בסיס,בסיס,בית,בית,בסיס,בסיס,בסיס,בית,בית,בית,בית,בסיס,בית,בית,בית,בית,בית,בית,בסיס,בסיס,בסיס,בסיס,בסיס,בסיס
אליהו,זיו,3,בסיס,בסיס,בסיס,בסיס,בסיס,בית,בית,בית,בית,בית,בסיס,בסיס,בסיס,בסיס,בסיס,בסיס,בית,בית,בית,בית,בית,בסיס,בסיס,בסיס,בסיס,בסיס,בית,בית,בסיס
אמנון,עזריה,3,בית,בסיס,בסיס,בסיס,בסיס,בסיס,בית,בית,בית,בסיס,בסיס,בסיס,בסיס,בסיס,בסיס,בית,בית,בית,בית,בית,בית,בית,בסיס,בסיס,בסיס,בסיס,בסיס,בית,בית
דימטרי,רבדה,3,בית,בית,בית,בית,בית,בסיס,בסיס,בית,בית,בית,בסיס,בסיס,בסיס,בית,בית,בית,בית,בית,בית,בסיס,בסיס,בסיס,בסיס,בסיס,בסיס,בסיס,בסיס,בסיס,בית
דין,סמסון,3,בית,בית,בית,בסיס,בסיס,בסיס,בסיס,בסיס,בסיס,בסיס,בית,בית,בית,בית,בסיס,בסיס,בסיס,בסיס,בסיס,בסיס,בית,בית,בית,בית,בית,בית,בסיס,בסיס,בסיס
חגי אברהם,רון,3,בסיס,בסיס,בסיס,בית,בית,בית,בית,בית,בסיס,בסיס,בסיס,בסיס,בסיס,בסיס,בית,בסיס,בית,בית,בית,בית,בית,בית,בסיס,בסיס,בסיס,בסיס,בסיס,בסיס,בסיס
יהונתן,קור,3,בסיס,בית,בית,בית,בית,בית,בסיס,בסיס,בסיס,בסיס,בסיס,בסיס,בסיס,בסיס,בית,בית,בית,בית,בית,בית,בית,בסיס,בסיס,בסיס,בסיס,בסיס,בסיס,בסיס,בסיס
יובל,גרוס,3,בסיס,בית,בית,בית,בית,בסיס,בסיס,בית,בית,בסיס,בסיס,בסיס,בסיס,בסיס,בסיס,בית,בית,בסיס,בסיס,בסיס,בסיס,בית,בית,בית,בסיס,בסיס,בסיס,בית,בית
יונתן,ענקי,3,בסיס,בסיס,בסיס,בסיס,בסיס,בסיס,בית,בית,בית,בית,בית,בית,בסיס,בסיס,בסיס,בסיס,בסיס,בסיס,בסיס,בסיס,בית,בית,בית,בית,בית,בית,בסיס,בסיס,בסיס
יותם,תוראתי,3,בסיס,בסיס,בית,בית,בית,בית,בית,בסיס,בסיס,בסיס,בסיס,בסיס,בסיס,בסיס,בסיס,בית,בית,בית,בית,בסיס,בסיס,בית,בית,בית,בסיס,בסיס,בסיס,בסיס,בסיס
כהן,ים,3,לא בימ״מ,לא בימ״מ,לא בימ״מ,פתיחת שמ״פ,בית,בית,בסיס,בסיס,בסיס,בסיס,בסיס,בסיס,בית,בית,בית,בית,בית,בית,בית,בסיס,בסיס,בסיס,בסיס,בסיס,בסיס,בסיס,בסיס,בסיס,בסיס
כפיר,אורן,3,בסיס,בסיס,בית,בסיס,בסיס,בסיס,בסיס,בית,בית,בית,בית,בית,בסיס,בסיס,בית,בסיס,בית,בסיס,בסיס,בית,בית,בית,בסיס,בסיס,בסיס,בסיס,בית,בית,בית
לביא,וילנר,3,בית,בסיס,בסיס,בסיס,בסיס,בסיס,בית,בית,בית,בית,בית,בית,בית,בסיס,בסיס,בסיס,בסיס,בסיס,בסיס,בסיס,בית,בית,בית,בית,בית,בית,בית,בסיס,בסיס
נועם,תומר,3,בסיס,בסיס,בית,בית,בית,בית,בסיס,בסיס,בסיס,בסיס,בית,בית,בית,בית,בסיס,בסיס,בסיס,בסיס,בסיס,בסיס,בית,בית,בסיס,בסיס,בסיס,בסיס,בסיס,בית,בית
ניתאי,אברמוביץ,3,בסיס,בית,בית,בית,בית,בית,בסיס,בסיס,בסיס,בסיס,בסיס,בסיס,בית,בית,בסיס,בסיס,בסיס,בית,בית,בית,בסיס,בסיס,בסיס,בסיס,בסיס,בסיס,בית,בית,בית
סטולוב,יונתן,3,בסיס,בית,בית,בסיס,בסיס,בסיס,בסיס,בסיס,בסיס,בסיס,בית,בית,בית,בית,בית,בית,בסיס,בסיס,בסיס,בסיס,בסיס,בסיס,בסיס,בית,בית,בית,בית,בסיס,בסיס
עדיאל,כהן,3,בסיס,בסיס,בסיס,בית,בית,בסיס,בית,בית,בסיס,בסיס,בסיס,בסיס,בית,בית,בית,בסיס,בסיס,בסיס,בסיס,בית,בית,בית,בסיס,בסיס,בית,בית,בסיס,בסיס,בסיס
עומר,ויצמן,3,בסיס,בסיס,בסיס,בסיס,בסיס,בסיס,בית,בית,בית,בית,בית,בית,בסיס,בסיס,בסיס,בסיס,בסיס,בסיס,בסיס,בסיס,בית,בית,בית,בית,בית,בית,בסיס,בסיס,בסיס
עומר,ענב,3,בסיס,בסיס,בסיס,בית,בית,בסיס,בסיס,בסיס,בית,בית,בסיס,בסיס,בסיס,בסיס,בית,בית,בסיס,בית,בית,בסיס,בסיס,בית,בית,בסיס,בית,בית,בסיס,בסיס,בית
עופר,מלכה,3,בסיס,בסיס,בית,בית,בית,בית,בית,בית,בסיס,בסיס,בסיס,בסיס,בסיס,בסיס,בסיס,בסיס,בסיס,בית,בית,בית,בית,בית,בית,בסיס,בסיס,בסיס,בסיס,בסיס,בסיס
עוקבי אחיה,בן,3,בסיס,בסיס,בסיס,בסיס,בסיס,בית,בסיס,בסיס,בית,בית,בית,בית,בסיס,בית,בית,בית,בית,בסיס,בסיס,בסיס,בסיס,בסיס,בסיס,בית,בית,בית,בסיס,בסיס,בסיס
פיליפ,איגושין,3,בסיס,בית,בית,בסיס,בסיס,בסיס,בית,בית,בסיס,בסיס,בית,בית,בית,בסיס,בסיס,בסיס,בסיס,בסיס,בסיס,בית,בית,בית,בית,בית,בסיס,בסיס,בסיס,בסיס,בסיס
צברי,דביר,3,בסיס,בסיס,בסיס,בסיס,בסיס,בסיס,בסיס,בסיס,בית,בית,בית,בית,בית,בית,בית,בית,בסיס,בסיס,בסיס,בסיס,בסיס,בסיס,בסיס,בית,בית,בית,בית,בסיס,בסיס
צור,דדשי,3,בסיס,בסיס,בסיס,בית,בית,בית,בית,בסיס,בסיס,בסיס,בסיס,בסיס,בסיס,בסיס,בית,בית,בית,בסיס,בסיס,בסיס,בסיס,בית,בית,בית,בית,בית,בסיס,בסיס,בסיס
רון,דהן,3,בית,בסיס,בסיס,בית,בית,בית,בית,בית,בית,בית,בסיס,בסיס,בסיס,בסיס,בסיס,בסיס,בסיס,בסיס,בסיס,בית,בית,בית,בית,בית,בסיס,בסיס,בסיס,בסיס,בסיס
רועי,משולם,3,,פתיחת שמ״פ,בסיס,בסיס,בסיס,בית,בית,בית,בית,בית,בסיס,בסיס,בית,בית,בית,בית,בסיס,בסיס,בסיס,בית,בית,בית,בית,בסיס,בסיס,בסיס,סגירת שמ״פ,,